{"biology": {"corr": 470.0, "wrong": 247.0, "acc": 0.6555090655509066}, "total": {"corr": 470.0, "wrong": 247.0, "acc": 0.6555090655509066}}