{"biology": {"corr": 474.0, "wrong": 243.0, "acc": 0.6610878661087866}, "total": {"corr": 474.0, "wrong": 243.0, "acc": 0.6610878661087866}}