{"business": {"corr": 236.0, "wrong": 553.0, "acc": 0.2991128010139417}, "total": {"corr": 236.0, "wrong": 553.0, "acc": 0.2991128010139417}}