{"business": {"corr": 234.0, "wrong": 555.0, "acc": 0.2965779467680608}, "total": {"corr": 234.0, "wrong": 555.0, "acc": 0.2965779467680608}}