{"chemistry": {"corr": 304.0, "wrong": 828.0, "acc": 0.26855123674911663}, "total": {"corr": 304.0, "wrong": 828.0, "acc": 0.26855123674911663}}