{"chemistry": {"corr": 303.0, "wrong": 829.0, "acc": 0.2676678445229682}, "total": {"corr": 303.0, "wrong": 829.0, "acc": 0.2676678445229682}}