{"computer science": {"corr": 160.0, "wrong": 250.0, "acc": 0.3902439024390244}, "total": {"corr": 160.0, "wrong": 250.0, "acc": 0.3902439024390244}}