{"computer science": {"corr": 154.0, "wrong": 256.0, "acc": 0.375609756097561}, "total": {"corr": 154.0, "wrong": 256.0, "acc": 0.375609756097561}}