{"economics": {"corr": 430.0, "wrong": 414.0, "acc": 0.509478672985782}, "total": {"corr": 430.0, "wrong": 414.0, "acc": 0.509478672985782}}