{"engineering": {"corr": 326.0, "wrong": 643.0, "acc": 0.3364293085655315}, "total": {"corr": 326.0, "wrong": 643.0, "acc": 0.3364293085655315}}