{"engineering": {"corr": 317.0, "wrong": 652.0, "acc": 0.32714138286893707}, "total": {"corr": 317.0, "wrong": 652.0, "acc": 0.32714138286893707}}