{"health": {"corr": 418.0, "wrong": 400.0, "acc": 0.511002444987775}, "total": {"corr": 418.0, "wrong": 400.0, "acc": 0.511002444987775}}