{"health": {"corr": 419.0, "wrong": 399.0, "acc": 0.5122249388753056}, "total": {"corr": 419.0, "wrong": 399.0, "acc": 0.5122249388753056}}