{"law": {"corr": 330.0, "wrong": 771.0, "acc": 0.2997275204359673}, "total": {"corr": 330.0, "wrong": 771.0, "acc": 0.2997275204359673}}