{"law": {"corr": 325.0, "wrong": 776.0, "acc": 0.29518619436875565}, "total": {"corr": 325.0, "wrong": 776.0, "acc": 0.29518619436875565}}