{"math": {"corr": 310.0, "wrong": 1041.0, "acc": 0.22945965951147299}, "total": {"corr": 310.0, "wrong": 1041.0, "acc": 0.22945965951147299}}