{"math": {"corr": 303.0, "wrong": 1048.0, "acc": 0.22427831236121393}, "total": {"corr": 303.0, "wrong": 1048.0, "acc": 0.22427831236121393}}