{"other": {"corr": 358.0, "wrong": 566.0, "acc": 0.3874458874458874}, "total": {"corr": 358.0, "wrong": 566.0, "acc": 0.3874458874458874}}