{"other": {"corr": 351.0, "wrong": 573.0, "acc": 0.37987012987012986}, "total": {"corr": 351.0, "wrong": 573.0, "acc": 0.37987012987012986}}