{"philosophy": {"corr": 178.0, "wrong": 321.0, "acc": 0.35671342685370744}, "total": {"corr": 178.0, "wrong": 321.0, "acc": 0.35671342685370744}}