{"philosophy": {"corr": 182.0, "wrong": 317.0, "acc": 0.36472945891783565}, "total": {"corr": 182.0, "wrong": 317.0, "acc": 0.36472945891783565}}