{"physics": {"corr": 358.0, "wrong": 941.0, "acc": 0.27559661277906083}, "total": {"corr": 358.0, "wrong": 941.0, "acc": 0.27559661277906083}}