{"physics": {"corr": 366.0, "wrong": 933.0, "acc": 0.2817551963048499}, "total": {"corr": 366.0, "wrong": 933.0, "acc": 0.2817551963048499}}