{"psychology": {"corr": 470.0, "wrong": 328.0, "acc": 0.5889724310776943}, "total": {"corr": 470.0, "wrong": 328.0, "acc": 0.5889724310776943}}