{"psychology": {"corr": 467.0, "wrong": 331.0, "acc": 0.5852130325814536}, "total": {"corr": 467.0, "wrong": 331.0, "acc": 0.5852130325814536}}